{"Bots": {"u07f38400db65a33b2352e4a353d90d86": true, "u1a24d42579e8d86fb6c0dc0b5b1c60c6": true, "u2ac44f499b565e385f7c9bc27a520e4d": true, "u3577bb23f6330b54d5c999b1aefe118e": true, "u369a1c8a9d069f35d28135bd481555bf": true, "u4e139173d1b6cbbb1532794be6fc43c8": true, "u53a1e9549fcf5010ef3eb8fddd127ed4": true, "u66b4c0435db8b1bb2e5d90e269f89bf2": true, "u74a5c9c9b837588d94161f834b3d721d": true, "u770a365010937c11f9b73cbd25fb4545": true, "u7d6fa92f9728e947f375d9c084b20597": true, "uab3e4580d2ad4e9d0361d41849d16a7f": true, "ue4b0d8e0ed81de435aa1675f2838a738": true, "uedefd6f4b7a4766e80a4d0c21bbe2af9": true, "uf03121beb2e01cbcac2f49dbb5259475": true, "uf5ae7869a686ba81cbd2d6df0f61e044": true, "uff589a9892cea49b86e1cdc1bef07d95": true}, "DPicture": false, "LikeOn": true, "Unsend": false, "ablacklist": false, "abots": false, "addadmin": false, "admin": {"u1a24d42579e8d86fb6c0dc0b5b1c60c6": true, "u2ac44f499b565e385f7c9bc27a520e4d": true, "u369a1c8a9d069f35d28135bd481555bf": true, "u74a5c9c9b837588d94161f834b3d721d": true, "uab3e4580d2ad4e9d0361d41849d16a7f": true, "ue4b0d8e0ed81de435aa1675f2838a738": true, "uedefd6f4b7a4766e80a4d0c21bbe2af9": true}, "autoAdd": false, "autoJoin": true, "autoJoinTicket": false, "autoRead": false, "cPicture": {}, "checkPost": false, "checkmid": false, "comment": "autoLike by : LeaBots-VersioN \n\n| READY RENT BOT:\n\n| PROTECTION BOT\n| SELF WAR BOT\n| SELF ONLY\n\n|line.me/ti/p/~zie_rockstar| ", "contact": false, "dblacklist": false, "dbots": false, "deladmin": false, "detectMention": false, "gPicture": {}, "group": {}, "intaPoint": {}, "keyCmd": "", "leaveMsg": {}, "leftmsg": "", "limit": 1, "maxlimit": 1, "mention": "", "message": "", "msgTag": "", "proCancel": {}, "proInvite": {}, "proKick": {}, "proqr": {}, "readMember": {}, "readPoint": {}, "sambutan": "", "selfbot": true, "siderMsg": "", "spamMsg": "", "sticker": false, "welcome": {}}